threads,time_seconds,speedup
1,0.174645,1.00
1,0.175239,1.00
4,0.054654,3.20
16,0.039590,4.41
32,0.038410,4.55
64,0.037568,4.65
128,0.037992,4.60
